                  epoch,         train/box_loss,         train/cls_loss,         train/dfl_loss,   metrics/precision(B),      metrics/recall(B),       metrics/mAP50(B),    metrics/mAP50-95(B),           val/box_loss,           val/cls_loss,           val/dfl_loss,                 lr/pg0,                 lr/pg1,                 lr/pg2
                      1,                0.83344,                  2.753,                 1.2963,                0.82448,                0.74241,                0.86517,                0.76763,                0.47838,                0.96467,                0.98178,             8.2899e-05,             8.2899e-05,             8.2899e-05
                      2,                0.71474,                 1.2388,                 1.1685,                0.94387,                0.90705,                 0.9583,                0.87224,                0.42723,                0.51113,                0.96036,             8.3947e-05,             8.3947e-05,             8.3947e-05
